{"licenses": [{"url": "", "name": "", "id": 0}], "images": [{"license": 0, "flickr_url": "", "coco_url": "", "height": 375, "id": 1, "file_name": "10.jpg", "date_captured": 0, "width": 500}, {"license": 0, "flickr_url": "", "coco_url": "", "height": 375, "id": 2, "file_name": "1006160814.jpg", "date_captured": 0, "width": 500}, {"license": 0, "flickr_url": "", "coco_url": "", "height": 375, "id": 3, "file_name": "1027085989.jpg", "date_captured": 0, "width": 500}, {"license": 0, "flickr_url": "", "coco_url": "", "height": 375, "id": 4, "file_name": "1033669214.jpg", "date_captured": 0, "width": 500}, {"license": 0, "flickr_url": "", "coco_url": "", "height": 375, "id": 5, "file_name": "1039575459.jpg", "date_captured": 0, "width": 500}, {"license": 0, "flickr_url": "", "coco_url": "", "height": 375, "id": 6, "file_name": "105306950.jpg", "date_captured": 0, "width": 500}, {"license": 0, "flickr_url": "", "coco_url": "", "height": 307, "id": 7, "file_name": "1054795290.jpg", "date_captured": 0, "width": 500}, {"license": 0, "flickr_url": "", "coco_url": "", "height": 375, "id": 8, "file_name": "1071604959.jpg", "date_captured": 0, "width": 500}, {"license": 0, "flickr_url": "", "coco_url": "", "height": 333, "id": 9, "file_name": "1076606419.jpg", "date_captured": 0, "width": 500}, {"license": 0, "flickr_url": "", "coco_url": "", "height": 333, "id": 10, "file_name": "11.jpg", "date_captured": 0, "width": 500}, {"license": 0, "flickr_url": "", "coco_url": "", "height": 750, "id": 11, "file_name": "1103554132.jpg", "date_captured": 0, "width": 563}, {"license": 0, "flickr_url": "", "coco_url": "", "height": 500, "id": 12, "file_name": "1103554139.jpg", "date_captured": 0, "width": 500}, {"license": 0, "flickr_url": "", "coco_url": "", "height": 360, "id": 13, "file_name": "1103554142.jpg", "date_captured": 0, "width": 480}, {"license": 0, "flickr_url": "", "coco_url": "", "height": 333, "id": 14, "file_name": "1103554144.jpg", "date_captured": 0, "width": 500}, {"license": 0, "flickr_url": "", "coco_url": "", "height": 275, "id": 15, "file_name": "1103554148.jpg", "date_captured": 0, "width": 183}, {"license": 0, "flickr_url": "", "coco_url": "", "height": 375, "id": 16, "file_name": "111730302.jpg", "date_captured": 0, "width": 500}, {"license": 0, "flickr_url": "", "coco_url": "", "height": 375, "id": 17, "file_name": "1120245341.jpg", "date_captured": 0, "width": 500}, {"license": 0, "flickr_url": "", "coco_url": "", "height": 375, "id": 18, "file_name": "1139096069.jpg", "date_captured": 0, "width": 500}, {"license": 0, "flickr_url": "", "coco_url": "", "height": 335, "id": 19, "file_name": "114626641.jpg", "date_captured": 0, "width": 500}, {"license": 0, "flickr_url": "", "coco_url": "", "height": 380, "id": 20, "file_name": "116927118.jpg", "date_captured": 0, "width": 500}, {"license": 0, "flickr_url": "", "coco_url": "", "height": 261, "id": 21, "file_name": "12.jpg", "date_captured": 0, "width": 468}, {"license": 0, "flickr_url": "", "coco_url": "", "height": 500, "id": 22, "file_name": "123343240.jpg", "date_captured": 0, "width": 375}, {"license": 0, "flickr_url": "", "coco_url": "", "height": 332, "id": 23, "file_name": "124605196.jpg", "date_captured": 0, "width": 500}, {"license": 0, "flickr_url": "", "coco_url": "", "height": 336, "id": 24, "file_name": "1276867905.jpg", "date_captured": 0, "width": 500}, {"license": 0, "flickr_url": "", "coco_url": "", "height": 333, "id": 25, "file_name": "1289144293.jpg", "date_captured": 0, "width": 500}, {"license": 0, "flickr_url": "", "coco_url": "", "height": 375, "id": 26, "file_name": "1292615329.jpg", "date_captured": 0, "width": 500}, {"license": 0, "flickr_url": "", "coco_url": "", "height": 500, "id": 27, "file_name": "130669213.jpg", "date_captured": 0, "width": 333}, {"license": 0, "flickr_url": "", "coco_url": "", "height": 375, "id": 28, "file_name": "134388047.jpg", "date_captured": 0, "width": 500}, {"license": 0, "flickr_url": "", "coco_url": "", "height": 500, "id": 29, "file_name": "1354482433.jpg", "date_captured": 0, "width": 389}, {"license": 0, "flickr_url": "", "coco_url": "", "height": 500, "id": 30, "file_name": "1357968789.jpg", "date_captured": 0, "width": 333}, {"license": 0, "flickr_url": "", "coco_url": "", "height": 375, "id": 31, "file_name": "1386093117.jpg", "date_captured": 0, "width": 500}, {"license": 0, "flickr_url": "", "coco_url": "", "height": 375, "id": 32, "file_name": "1420710064.jpg", "date_captured": 0, "width": 500}, {"license": 0, "flickr_url": "", "coco_url": "", "height": 375, "id": 33, "file_name": "1432627397.jpg", "date_captured": 0, "width": 500}, {"license": 0, "flickr_url": "", "coco_url": "", "height": 337, "id": 34, "file_name": "1447070387.jpg", "date_captured": 0, "width": 500}, {"license": 0, "flickr_url": "", "coco_url": "", "height": 375, "id": 35, "file_name": "144846126.jpg", "date_captured": 0, "width": 500}, {"license": 0, "flickr_url": "", "coco_url": "", "height": 375, "id": 36, "file_name": "1476855649.jpg", "date_captured": 0, "width": 500}, {"license": 0, "flickr_url": "", "coco_url": "", "height": 335, "id": 37, "file_name": "149807041.jpg", "date_captured": 0, "width": 500}, {"license": 0, "flickr_url": "", "coco_url": "", "height": 490, "id": 38, "file_name": "15.jpg", "date_captured": 0, "width": 500}, {"license": 0, "flickr_url": "", "coco_url": "", "height": 364, "id": 39, "file_name": "1514654424.jpg", "date_captured": 0, "width": 500}, {"license": 0, "flickr_url": "", "coco_url": "", "height": 375, "id": 40, "file_name": "153030709.jpg", "date_captured": 0, "width": 500}, {"license": 0, "flickr_url": "", "coco_url": "", "height": 375, "id": 41, "file_name": "1545635468.jpg", "date_captured": 0, "width": 500}, {"license": 0, "flickr_url": "", "coco_url": "", "height": 375, "id": 42, "file_name": "16.jpg", "date_captured": 0, "width": 500}, {"license": 0, "flickr_url": "", "coco_url": "", "height": 500, "id": 43, "file_name": "166642693.jpg", "date_captured": 0, "width": 323}, {"license": 0, "flickr_url": "", "coco_url": "", "height": 333, "id": 44, "file_name": "1684820503.jpg", "date_captured": 0, "width": 500}, {"license": 0, "flickr_url": "", "coco_url": "", "height": 333, "id": 45, "file_name": "181511189.jpg", "date_captured": 0, "width": 500}, {"license": 0, "flickr_url": "", "coco_url": "", "height": 333, "id": 46, "file_name": "203056894.jpg", "date_captured": 0, "width": 500}, {"license": 0, "flickr_url": "", "coco_url": "", "height": 375, "id": 47, "file_name": "206982824.jpg", "date_captured": 0, "width": 500}, {"license": 0, "flickr_url": "", "coco_url": "", "height": 375, "id": 48, "file_name": "232814899.jpg", "date_captured": 0, "width": 500}, {"license": 0, "flickr_url": "", "coco_url": "", "height": 375, "id": 49, "file_name": "234990774.jpg", "date_captured": 0, "width": 500}, {"license": 0, "flickr_url": "", "coco_url": "", "height": 375, "id": 50, "file_name": "243952160.jpg", "date_captured": 0, "width": 500}, {"license": 0, "flickr_url": "", "coco_url": "", "height": 328, "id": 51, "file_name": "261932914.jpg", "date_captured": 0, "width": 500}, {"license": 0, "flickr_url": "", "coco_url": "", "height": 375, "id": 52, "file_name": "266462654.jpg", "date_captured": 0, "width": 500}, {"license": 0, "flickr_url": "", "coco_url": "", "height": 375, "id": 53, "file_name": "270424361.jpg", "date_captured": 0, "width": 500}, {"license": 0, "flickr_url": "", "coco_url": "", "height": 375, "id": 54, "file_name": "273167068.jpg", "date_captured": 0, "width": 500}, {"license": 0, "flickr_url": "", "coco_url": "", "height": 500, "id": 55, "file_name": "285318727.jpg", "date_captured": 0, "width": 375}, {"license": 0, "flickr_url": "", "coco_url": "", "height": 375, "id": 56, "file_name": "295595914.jpg", "date_captured": 0, "width": 500}, {"license": 0, "flickr_url": "", "coco_url": "", "height": 500, "id": 57, "file_name": "300823594.jpg", "date_captured": 0, "width": 333}, {"license": 0, "flickr_url": "", "coco_url": "", "height": 500, "id": 58, "file_name": "301395584.jpg", "date_captured": 0, "width": 333}, {"license": 0, "flickr_url": "", "coco_url": "", "height": 334, "id": 59, "file_name": "302423745.jpg", "date_captured": 0, "width": 500}, {"license": 0, "flickr_url": "", "coco_url": "", "height": 375, "id": 60, "file_name": "305057584.jpg", "date_captured": 0, "width": 500}, {"license": 0, "flickr_url": "", "coco_url": "", "height": 500, "id": 61, "file_name": "306958041.jpg", "date_captured": 0, "width": 375}, {"license": 0, "flickr_url": "", "coco_url": "", "height": 375, "id": 62, "file_name": "307084601.jpg", "date_captured": 0, "width": 500}, {"license": 0, "flickr_url": "", "coco_url": "", "height": 292, "id": 63, "file_name": "5.jpg", "date_captured": 0, "width": 500}, {"license": 0, "flickr_url": "", "coco_url": "", "height": 500, "id": 64, "file_name": "6.jpg", "date_captured": 0, "width": 333}, {"license": 0, "flickr_url": "", "coco_url": "", "height": 500, "id": 65, "file_name": "7.jpg", "date_captured": 0, "width": 336}, {"license": 0, "flickr_url": "", "coco_url": "", "height": 375, "id": 66, "file_name": "779653630.jpg", "date_captured": 0, "width": 500}, {"license": 0, "flickr_url": "", "coco_url": "", "height": 375, "id": 67, "file_name": "782725811.jpg", "date_captured": 0, "width": 500}, {"license": 0, "flickr_url": "", "coco_url": "", "height": 375, "id": 68, "file_name": "782782631.jpg", "date_captured": 0, "width": 500}, {"license": 0, "flickr_url": "", "coco_url": "", "height": 500, "id": 69, "file_name": "783164231.jpg", "date_captured": 0, "width": 375}, {"license": 0, "flickr_url": "", "coco_url": "", "height": 375, "id": 70, "file_name": "787616994.jpg", "date_captured": 0, "width": 500}, {"license": 0, "flickr_url": "", "coco_url": "", "height": 332, "id": 71, "file_name": "787884310.jpg", "date_captured": 0, "width": 500}, {"license": 0, "flickr_url": "", "coco_url": "", "height": 375, "id": 72, "file_name": "793254317.jpg", "date_captured": 0, "width": 500}, {"license": 0, "flickr_url": "", "coco_url": "", "height": 333, "id": 73, "file_name": "794844464.jpg", "date_captured": 0, "width": 500}, {"license": 0, "flickr_url": "", "coco_url": "", "height": 333, "id": 74, "file_name": "8.jpg", "date_captured": 0, "width": 500}, {"license": 0, "flickr_url": "", "coco_url": "", "height": 375, "id": 75, "file_name": "801626373.jpg", "date_captured": 0, "width": 500}, {"license": 0, "flickr_url": "", "coco_url": "", "height": 375, "id": 76, "file_name": "806185222.jpg", "date_captured": 0, "width": 500}, {"license": 0, "flickr_url": "", "coco_url": "", "height": 375, "id": 77, "file_name": "806566337.jpg", "date_captured": 0, "width": 500}, {"license": 0, "flickr_url": "", "coco_url": "", "height": 500, "id": 78, "file_name": "806627085.jpg", "date_captured": 0, "width": 375}, {"license": 0, "flickr_url": "", "coco_url": "", "height": 335, "id": 79, "file_name": "812600791.jpg", "date_captured": 0, "width": 500}, {"license": 0, "flickr_url": "", "coco_url": "", "height": 500, "id": 80, "file_name": "825878357.jpg", "date_captured": 0, "width": 382}, {"license": 0, "flickr_url": "", "coco_url": "", "height": 375, "id": 81, "file_name": "826391515.jpg", "date_captured": 0, "width": 500}, {"license": 0, "flickr_url": "", "coco_url": "", "height": 375, "id": 82, "file_name": "826590617.jpg", "date_captured": 0, "width": 500}, {"license": 0, "flickr_url": "", "coco_url": "", "height": 375, "id": 83, "file_name": "832856954.jpg", "date_captured": 0, "width": 500}, {"license": 0, "flickr_url": "", "coco_url": "", "height": 375, "id": 84, "file_name": "838665221.jpg", "date_captured": 0, "width": 500}, {"license": 0, "flickr_url": "", "coco_url": "", "height": 375, "id": 85, "file_name": "847857645.jpg", "date_captured": 0, "width": 500}, {"license": 0, "flickr_url": "", "coco_url": "", "height": 333, "id": 86, "file_name": "848392614.jpg", "date_captured": 0, "width": 500}, {"license": 0, "flickr_url": "", "coco_url": "", "height": 500, "id": 87, "file_name": "851396313.jpg", "date_captured": 0, "width": 375}, {"license": 0, "flickr_url": "", "coco_url": "", "height": 375, "id": 88, "file_name": "851536311.jpg", "date_captured": 0, "width": 500}, {"license": 0, "flickr_url": "", "coco_url": "", "height": 375, "id": 89, "file_name": "9.jpg", "date_captured": 0, "width": 500}, {"license": 0, "flickr_url": "", "coco_url": "", "height": 381, "id": 90, "file_name": "942086195.jpg", "date_captured": 0, "width": 500}, {"license": 0, "flickr_url": "", "coco_url": "", "height": 333, "id": 91, "file_name": "950639405.jpg", "date_captured": 0, "width": 500}, {"license": 0, "flickr_url": "", "coco_url": "", "height": 375, "id": 92, "file_name": "972636751.jpg", "date_captured": 0, "width": 500}, {"license": 0, "flickr_url": "", "coco_url": "", "height": 334, "id": 93, "file_name": "981116535.jpg", "date_captured": 0, "width": 500}, {"license": 0, "flickr_url": "", "coco_url": "", "height": 500, "id": 94, "file_name": "person_109.jpg", "date_captured": 0, "width": 375}, {"license": 0, "flickr_url": "", "coco_url": "", "height": 500, "id": 95, "file_name": "person_123.jpg", "date_captured": 0, "width": 375}, {"license": 0, "flickr_url": "", "coco_url": "", "height": 375, "id": 96, "file_name": "person_138.jpg", "date_captured": 0, "width": 500}, {"license": 0, "flickr_url": "", "coco_url": "", "height": 375, "id": 97, "file_name": "person_166.jpg", "date_captured": 0, "width": 500}, {"license": 0, "flickr_url": "", "coco_url": "", "height": 375, "id": 98, "file_name": "person_335.jpg", "date_captured": 0, "width": 500}, {"license": 0, "flickr_url": "", "coco_url": "", "height": 375, "id": 99, "file_name": "person_336.jpg", "date_captured": 0, "width": 500}, {"license": 0, "flickr_url": "", "coco_url": "", "height": 375, "id": 100, "file_name": "person_337.jpg", "date_captured": 0, "width": 500}, {"license": 0, "flickr_url": "", "coco_url": "", "height": 375, "id": 101, "file_name": "person_338.jpg", "date_captured": 0, "width": 500}, {"license": 0, "flickr_url": "", "coco_url": "", "height": 375, "id": 102, "file_name": "person_339.jpg", "date_captured": 0, "width": 500}, {"license": 0, "flickr_url": "", "coco_url": "", "height": 375, "id": 103, "file_name": "person_340.jpg", "date_captured": 0, "width": 500}, {"license": 0, "flickr_url": "", "coco_url": "", "height": 375, "id": 104, "file_name": "person_341.jpg", "date_captured": 0, "width": 500}, {"license": 0, "flickr_url": "", "coco_url": "", "height": 375, "id": 105, "file_name": "person_342.jpg", "date_captured": 0, "width": 500}, {"license": 0, "flickr_url": "", "coco_url": "", "height": 375, "id": 106, "file_name": "person_343.jpg", "date_captured": 0, "width": 500}, {"license": 0, "flickr_url": "", "coco_url": "", "height": 375, "id": 107, "file_name": "person_344.jpg", "date_captured": 0, "width": 500}, {"license": 0, "flickr_url": "", "coco_url": "", "height": 375, "id": 108, "file_name": "person_345.jpg", "date_captured": 0, "width": 500}, {"license": 0, "flickr_url": "", "coco_url": "", "height": 375, "id": 109, "file_name": "person_346.jpg", "date_captured": 0, "width": 500}], "info": {"version": "", "description": "", "url": "", "contributor": "", "date_created": "", "year": ""}, "categories": [{"name": "carro", "supercategory": "", "id": 1}, {"name": "persona", "supercategory": "", "id": 2}, {"name": "moto", "supercategory": "", "id": 3}, {"name": "bicicleta", "supercategory": "", "id": 4}], "annotations": [{"bbox": [0.7060546875, 3.2626953125, 488.55438232421875, 364.7334289550781], "image_id": 1, "iscrowd": 0, "area": 178192.11509614252, "segmentation": [], "category_id": 3, "id": 1, "attributes": {"occluded": false}}, {"bbox": [112.20000000000073, 136.36328125, 275.5840881347649, 232.03671875000146], "image_id": 2, "iscrowd": 0, "area": 63945.62755050205, "segmentation": [], "category_id": 3, "id": 2, "attributes": {"occluded": false}}, {"bbox": [195.61328125, 11.181640625, 150.0, 317.7954406738281], "image_id": 2, "iscrowd": 0, "area": 47669.31610107422, "segmentation": [], "category_id": 2, "id": 3, "attributes": {"occluded": false}}, {"bbox": [20.931640625, 289.2958984375, 113.18181610107422, 79.7727279663086], "image_id": 3, "iscrowd": 0, "area": 9028.82222656376, "segmentation": [], "category_id": 1, "id": 4, "attributes": {"occluded": false}}, {"bbox": [223.431640625, 255.88671875, 184.09091186523438, 86.59091186523438], "image_id": 3, "iscrowd": 0, "area": 15940.599924513139, "segmentation": [], "category_id": 1, "id": 5, "attributes": {"occluded": false}}, {"bbox": [70.7041015625, 247.0224609375, 152.0454559326172, 100.90908813476562], "image_id": 3, "iscrowd": 0, "area": 15342.76831319509, "segmentation": [], "category_id": 1, "id": 6, "attributes": {"occluded": false}}, {"bbox": [42.5458984375, 57.4091796875, 432.2727355957031, 315.0], "image_id": 4, "iscrowd": 0, "area": 136165.91171264648, "segmentation": [], "category_id": 3, "id": 7, "attributes": {"occluded": false}}, {"bbox": [61.2958984375, 109.7041015625, 357.9545593261719, 211.43182373046875], "image_id": 5, "iscrowd": 0, "area": 75682.98529096879, "segmentation": [], "category_id": 1, "id": 8, "attributes": {"occluded": false}}, {"bbox": [310.8408203125, 107.7275390625, 162.27272033691406, 164.31817626953125], "image_id": 5, "iscrowd": 0, "area": 26664.357464057393, "segmentation": [], "category_id": 1, "id": 9, "attributes": {"occluded": false}}, {"bbox": [474.4775390625, 102.2724609375, 25.5224609375, 84.54545593261719], "image_id": 5, "iscrowd": 0, "area": 2157.80809648335, "segmentation": [], "category_id": 2, "id": 10, "attributes": {"occluded": false}}, {"bbox": [4.7041015625, 141.75, 225.68182373046875, 227.7954559326172], "image_id": 5, "iscrowd": 0, "area": 51409.293932386674, "segmentation": [], "category_id": 1, "id": 11, "attributes": {"occluded": false}}, {"bbox": [449.931640625, 142.431640625, 49.09090805053711, 127.56818389892578], "image_id": 5, "iscrowd": 0, "area": 6262.437985956174, "segmentation": [], "category_id": 2, "id": 12, "attributes": {"occluded": false}}, {"bbox": [115.568359375, 56.25, 294.375, 231.25], "image_id": 6, "iscrowd": 0, "area": 68074.21875, "segmentation": [], "category_id": 4, "id": 13, "attributes": {"occluded": false}}, {"bbox": [16.6279296875, 119.755859375, 137.34115600585938, 115.83577728271484], "image_id": 7, "iscrowd": 0, "area": 15909.01955884532, "segmentation": [], "category_id": 3, "id": 14, "attributes": {"occluded": false}}, {"bbox": [112.8642578125, 65.9921875, 100.24437713623047, 164.71163940429688], "image_id": 7, "iscrowd": 0, "area": 16511.415699171135, "segmentation": [], "category_id": 2, "id": 15, "attributes": {"occluded": false}}, {"bbox": [141.76171875, 194.88671875, 67.61363983154297, 39.81328125000073], "image_id": 8, "iscrowd": 0, "area": 2691.920858949472, "segmentation": [], "category_id": 1, "id": 16, "attributes": {"occluded": false}}, {"bbox": [62.2158203125, 203.4091796875, 13.068181991577148, 10.795454978942871], "image_id": 8, "iscrowd": 0, "area": 141.0769703467031, "segmentation": [], "category_id": 1, "id": 17, "attributes": {"occluded": false}}, {"bbox": [91.83984375, 112.98046875, 276.49090576171875, 111.55500030517578], "image_id": 9, "iscrowd": 0, "area": 30843.943076626863, "segmentation": [], "category_id": 1, "id": 18, "attributes": {"occluded": false}}, {"bbox": [155.9169921875, 161.416015625, 166.5, 76.23681640625], "image_id": 10, "iscrowd": 0, "area": 12693.429931640625, "segmentation": [], "category_id": 3, "id": 19, "attributes": {"occluded": false}}, {"bbox": [127.5, 219.318359375, 423.8636474609375, 476.1363525390625], "image_id": 11, "iscrowd": 0, "area": 201816.89107595384, "segmentation": [], "category_id": 3, "id": 20, "attributes": {"occluded": false}}, {"bbox": [7.7275390625, 127.181640625, 488.2727355957031, 365.5454406738281], "image_id": 12, "iscrowd": 0, "area": 178485.87230234686, "segmentation": [], "category_id": 3, "id": 21, "attributes": {"occluded": false}}, {"bbox": [3.0, 42.0, 473.4545593261719, 284.18182373046875], "image_id": 13, "iscrowd": 0, "area": 134547.18012281694, "segmentation": [], "category_id": 3, "id": 22, "attributes": {"occluded": false}}, {"bbox": [178.490234375, 207.5517578125, 318.4690856933594, 118.6690902709961], "image_id": 14, "iscrowd": 0, "area": 37792.436678666854, "segmentation": [], "category_id": 3, "id": 23, "attributes": {"occluded": false}}, {"bbox": [53.1611328125, 142.7685546875, 92.02909088134766, 75.68181610107422], "image_id": 14, "iscrowd": 0, "area": 6964.9287320312, "segmentation": [], "category_id": 3, "id": 24, "attributes": {"occluded": false}}, {"bbox": [59.625, 76.25, 58.33333206176758, 158.3333282470703], "image_id": 15, "iscrowd": 0, "area": 9236.110613081197, "segmentation": [], "category_id": 3, "id": 25, "attributes": {"occluded": false}}, {"bbox": [103.63671875, 108.5224609375, 272.7840881347656, 177.84091186523438], "image_id": 16, "iscrowd": 0, "area": 48512.17097621318, "segmentation": [], "category_id": 4, "id": 26, "attributes": {"occluded": false}}, {"bbox": [441.193359375, 84.6591796875, 47.727272033691406, 110.79545593261719], "image_id": 17, "iscrowd": 0, "area": 5287.964865392889, "segmentation": [], "category_id": 1, "id": 27, "attributes": {"occluded": false}}, {"bbox": [76.98828125, 40.2841796875, 362.5, 251.19317626953125], "image_id": 17, "iscrowd": 0, "area": 91057.52639770508, "segmentation": [], "category_id": 1, "id": 28, "attributes": {"occluded": false}}, {"bbox": [8.23828125, 142.61328125, 13.068181991577148, 56.25], "image_id": 17, "iscrowd": 0, "area": 735.0852370262146, "segmentation": [], "category_id": 2, "id": 29, "attributes": {"occluded": false}}, {"bbox": [33.23828125, 153.4091796875, 17.613636016845703, 51.70454406738281], "image_id": 17, "iscrowd": 0, "area": 910.7050196198397, "segmentation": [], "category_id": 2, "id": 30, "attributes": {"occluded": false}}, {"bbox": [24.7158203125, 152.8408203125, 7.954545497894287, 31.81818199157715], "image_id": 17, "iscrowd": 0, "area": 253.0991763122811, "segmentation": [], "category_id": 2, "id": 31, "attributes": {"occluded": false}}, {"bbox": [125.7958984375, 71.0224609375, 15.965909004211426, 31.25], "image_id": 18, "iscrowd": 0, "area": 498.93465638160706, "segmentation": [], "category_id": 2, "id": 32, "attributes": {"occluded": false}}, {"bbox": [115.10000000000036, 98.2958984375, 157.34297790527307, 164.2041015625], "image_id": 18, "iscrowd": 0, "area": 25836.362324103655, "segmentation": [], "category_id": 3, "id": 33, "attributes": {"occluded": false}}, {"bbox": [69.0341796875, 64.7724609375, 34.09090805053711, 50.0], "image_id": 18, "iscrowd": 0, "area": 1704.5454025268555, "segmentation": [], "category_id": 2, "id": 34, "attributes": {"occluded": false}}, {"bbox": [38.3525390625, 70.4541015625, 30.68181800842285, 40.34090805053711], "image_id": 18, "iscrowd": 0, "area": 1237.7323991010999, "segmentation": [], "category_id": 2, "id": 35, "attributes": {"occluded": false}}, {"bbox": [245.1708984375, 82.9541015625, 250.56817626953125, 217.0454559326172], "image_id": 18, "iscrowd": 0, "area": 54384.6840606248, "segmentation": [], "category_id": 3, "id": 36, "attributes": {"occluded": false}}, {"bbox": [104.8291015625, 71.5908203125, 21.022727966308594, 35.79545593261719], "image_id": 18, "iscrowd": 0, "area": 752.5181325013982, "segmentation": [], "category_id": 2, "id": 37, "attributes": {"occluded": false}}, {"bbox": [74.7001953125, 107.9541015625, 82.97072296142505, 122.14589843750036], "image_id": 18, "iscrowd": 0, "area": 10134.533500132204, "segmentation": [], "category_id": 3, "id": 38, "attributes": {"occluded": false}}, {"bbox": [7.1025390625, 103.4091796875, 82.38636016845703, 105.11363983154297], "image_id": 18, "iscrowd": 0, "area": 8659.93018977897, "segmentation": [], "category_id": 3, "id": 39, "attributes": {"occluded": false}}, {"bbox": [136.431640625, 121.0107421875, 42.59171676635742, 23.25409698486328], "image_id": 19, "iscrowd": 0, "area": 990.431912436703, "segmentation": [], "category_id": 4, "id": 40, "attributes": {"occluded": false}}, {"bbox": [149.96875, 102.9951171875, 18.627756118774414, 36.22743606567383], "image_id": 19, "iscrowd": 0, "area": 674.8358438398645, "segmentation": [], "category_id": 2, "id": 41, "attributes": {"occluded": false}}, {"bbox": [50.4970703125, 67.884765625, 411.0909118652344, 203.3000030517578], "image_id": 20, "iscrowd": 0, "area": 83574.78363675205, "segmentation": [], "category_id": 4, "id": 42, "attributes": {"occluded": false}}, {"bbox": [9.1357421875, 32.55859375, 441.4662780761719, 207.2832794189453], "image_id": 21, "iscrowd": 0, "area": 91508.57787250495, "segmentation": [], "category_id": 3, "id": 43, "attributes": {"occluded": false}}, {"bbox": [191.6669921875, 153.0302734375, 55.30303192138672, 146.96969604492188], "image_id": 22, "iscrowd": 0, "area": 8127.869791848818, "segmentation": [], "category_id": 4, "id": 44, "attributes": {"occluded": false}}, {"bbox": [234.8486328125, 117.423828125, 125.0, 265.1515197753906], "image_id": 22, "iscrowd": 0, "area": 33143.93997192383, "segmentation": [], "category_id": 4, "id": 45, "attributes": {"occluded": false}}, {"bbox": [119.4462890625, 244.9521484375, 125.25454711914062, 74.9515151977539], "image_id": 23, "iscrowd": 0, "area": 9388.018091988051, "segmentation": [], "category_id": 4, "id": 46, "attributes": {"occluded": false}}, {"bbox": [396.1123046875, 195.15234375, 11.569697380065918, 30.18181800842285], "image_id": 23, "iscrowd": 0, "area": 349.1945007376762, "segmentation": [], "category_id": 2, "id": 47, "attributes": {"occluded": false}}, {"bbox": [120.90000000000146, 16.2998046875, 362.00185546874854, 292.7001953125], "image_id": 24, "iscrowd": 0, "area": 105958.0137991901, "segmentation": [], "category_id": 3, "id": 48, "attributes": {"occluded": false}}, {"bbox": [51.9296875, 36.7939453125, 167.55953979492188, 149.39590454101562], "image_id": 25, "iscrowd": 0, "area": 25032.709012138657, "segmentation": [], "category_id": 2, "id": 49, "attributes": {"occluded": false}}, {"bbox": [106.9755859375, 163.4853515625, 257.8227233886719, 134.20909118652344], "image_id": 25, "iscrowd": 0, "area": 34602.15339322807, "segmentation": [], "category_id": 3, "id": 50, "attributes": {"occluded": false}}, {"bbox": [27.5, 142.61328125, 347.2159118652344, 221.59091186523438], "image_id": 26, "iscrowd": 0, "area": 76939.89052433614, "segmentation": [], "category_id": 3, "id": 51, "attributes": {"occluded": false}}, {"bbox": [198.01171875, 63.068359375, 116.4772720336914, 246.59091186523438], "image_id": 26, "iscrowd": 0, "area": 28722.236722362926, "segmentation": [], "category_id": 2, "id": 52, "attributes": {"occluded": false}}, {"bbox": [98.63671875, 147.7275390625, 127.3484878540039, 284.0909118652344], "image_id": 27, "iscrowd": 0, "area": 36178.548039102694, "segmentation": [], "category_id": 2, "id": 53, "attributes": {"occluded": false}}, {"bbox": [108.484375, 283.3330078125, 131.11562500000036, 199.242431640625], "image_id": 27, "iscrowd": 0, "area": 26123.795951080396, "segmentation": [], "category_id": 4, "id": 54, "attributes": {"occluded": false}}, {"bbox": [6.5, 40.8525390625, 482.42071533203125, 300.04746093750146], "image_id": 28, "iscrowd": 0, "area": 144749.11073902916, "segmentation": [], "category_id": 4, "id": 55, "attributes": {"occluded": false}}, {"bbox": [47.87890625, 94.697265625, 309.8484802246094, 342.42425537109375], "image_id": 29, "iscrowd": 0, "area": 106099.63511877693, "segmentation": [], "category_id": 3, "id": 56, "attributes": {"occluded": false}}, {"bbox": [60.0, 228.7880859375, 154.6212158203125, 78.78787994384766], "image_id": 30, "iscrowd": 0, "area": 12182.27778882254, "segmentation": [], "category_id": 2, "id": 57, "attributes": {"occluded": false}}, {"bbox": [200.1513671875, 159.8486328125, 43.25757598876953, 61.3636360168457], "image_id": 30, "iscrowd": 0, "area": 2654.442147945898, "segmentation": [], "category_id": 2, "id": 58, "attributes": {"occluded": false}}, {"bbox": [25.900390625, 273.5, 161.40000305175636, 119.69999694824219], "image_id": 30, "iscrowd": 0, "area": 19319.579872741517, "segmentation": [], "category_id": 3, "id": 59, "attributes": {"occluded": false}}, {"bbox": [303.125, 71.5341796875, 140.34091186523438, 269.94317626953125], "image_id": 31, "iscrowd": 0, "area": 37884.07150946371, "segmentation": [], "category_id": 3, "id": 60, "attributes": {"occluded": false}}, {"bbox": [29.8291015625, 69.88671875, 450.56817626953125, 251.13636779785156], "image_id": 32, "iscrowd": 0, "area": 113154.05523363221, "segmentation": [], "category_id": 3, "id": 61, "attributes": {"occluded": false}}, {"bbox": [301.4208984375, 154.5458984375, 53.40909194946289, 41.477272033691406], "image_id": 33, "iscrowd": 0, "area": 2215.26343586031, "segmentation": [], "category_id": 2, "id": 62, "attributes": {"occluded": false}}, {"bbox": [290.0, 184.6591796875, 66.53408813476562, 55.1136360168457], "image_id": 33, "iscrowd": 0, "area": 3666.935516172205, "segmentation": [], "category_id": 3, "id": 63, "attributes": {"occluded": false}}, {"bbox": [177.724609375, 51.7470703125, 94.36000061035156, 214.4545440673828], "image_id": 34, "iscrowd": 0, "area": 20235.93090909091, "segmentation": [], "category_id": 2, "id": 64, "attributes": {"occluded": false}}, {"bbox": [37.642578125, 58.0830078125, 456.6043701171875, 275.8008117675781], "image_id": 34, "iscrowd": 0, "area": 125931.855934944, "segmentation": [], "category_id": 3, "id": 65, "attributes": {"occluded": false}}, {"bbox": [149.7158203125, 13.63671875, 221.02272033691406, 303.4090881347656], "image_id": 35, "iscrowd": 0, "area": 67060.30203448841, "segmentation": [], "category_id": 2, "id": 66, "attributes": {"occluded": false}}, {"bbox": [255.96484375, 10.7939453125, 186.38925781250146, 206.81817626953125], "image_id": 35, "iscrowd": 0, "area": 38548.68637701303, "segmentation": [], "category_id": 2, "id": 67, "attributes": {"occluded": false}}, {"bbox": [394.6025390625, 1.7041015625, 101.13636016845703, 132.39589843750036], "image_id": 35, "iscrowd": 0, "area": 13390.039269201494, "segmentation": [], "category_id": 4, "id": 68, "attributes": {"occluded": false}}, {"bbox": [57.70000000000073, 53.9775390625, 216.4000061035149, 315.3409118652344], "image_id": 35, "iscrowd": 0, "area": 68239.77525232467, "segmentation": [], "category_id": 2, "id": 69, "attributes": {"occluded": false}}, {"bbox": [20.681640625, 32.9541015625, 430.7386474609375, 290.9090881347656], "image_id": 36, "iscrowd": 0, "area": 125305.7871572636, "segmentation": [], "category_id": 3, "id": 70, "attributes": {"occluded": false}}, {"bbox": [179.16015625, 178.6533203125, 88.36894226074219, 74.10606384277344], "image_id": 37, "iscrowd": 0, "area": 6548.67447689292, "segmentation": [], "category_id": 4, "id": 71, "attributes": {"occluded": false}}, {"bbox": [473.046875, 183.2216796875, 25.93712043762207, 67.0], "image_id": 37, "iscrowd": 0, "area": 1737.7870693206787, "segmentation": [], "category_id": 4, "id": 72, "attributes": {"occluded": false}}, {"bbox": [2.5244140625, 190.3271484375, 59.944698333740234, 70.04545593261719], "image_id": 37, "iscrowd": 0, "area": 4198.8537255300325, "segmentation": [], "category_id": 4, "id": 73, "attributes": {"occluded": false}}, {"bbox": [294.8876953125, 181.6982421875, 73.64924621582031, 70.04545593261719], "image_id": 37, "iscrowd": 0, "area": 5158.795030280715, "segmentation": [], "category_id": 4, "id": 74, "attributes": {"occluded": false}}, {"bbox": [65.9716796875, 176.115234375, 109.68711853027344, 82.2272720336914], "image_id": 37, "iscrowd": 0, "area": 9019.272533980547, "segmentation": [], "category_id": 4, "id": 75, "attributes": {"occluded": false}}, {"bbox": [372.0390625, 181.6982421875, 85.323486328125, 67.0], "image_id": 37, "iscrowd": 0, "area": 5716.673583984375, "segmentation": [], "category_id": 4, "id": 76, "attributes": {"occluded": false}}, {"bbox": [68.73046875, 4.94140625, 339.4363708496094, 457.036376953125], "image_id": 38, "iscrowd": 0, "area": 155134.7691392228, "segmentation": [], "category_id": 3, "id": 77, "attributes": {"occluded": false}}, {"bbox": [40.701171875, 34.193359375, 424.6666564941406, 303.8848571777344], "image_id": 39, "iscrowd": 0, "area": 129049.76625686791, "segmentation": [], "category_id": 3, "id": 78, "attributes": {"occluded": false}}, {"bbox": [23.5224609375, 44.88671875, 467.1022644042969, 314.7727355957031], "image_id": 40, "iscrowd": 0, "area": 147031.05756948795, "segmentation": [], "category_id": 4, "id": 79, "attributes": {"occluded": false}}, {"bbox": [56.0, 7.38671875, 434.0563659667969, 353.4090881347656], "image_id": 41, "iscrowd": 0, "area": 153399.4644954158, "segmentation": [], "category_id": 3, "id": 80, "attributes": {"occluded": false}}, {"bbox": [57.0458984375, 75.568359375, 353.4659118652344, 223.86363220214844], "image_id": 42, "iscrowd": 0, "area": 79128.16288979584, "segmentation": [], "category_id": 3, "id": 81, "attributes": {"occluded": false}}, {"bbox": [131.5908203125, 279.5458984375, 27.272727966308594, 86.36363983154297], "image_id": 43, "iscrowd": 0, "area": 2355.3720553059247, "segmentation": [], "category_id": 4, "id": 82, "attributes": {"occluded": false}}, {"bbox": [124.015625, 231.818359375, 47.727272033691406, 47.727272033691406], "image_id": 43, "iscrowd": 0, "area": 2277.892495777982, "segmentation": [], "category_id": 2, "id": 83, "attributes": {"occluded": false}}, {"bbox": [40.830078125, 34.3212890625, 90.86863708496094, 290.1136474609375], "image_id": 44, "iscrowd": 0, "area": 26362.23174452223, "segmentation": [], "category_id": 3, "id": 84, "attributes": {"occluded": false}}, {"bbox": [249.7119140625, 22.2119140625, 92.38227081298828, 292.1318054199219], "image_id": 44, "iscrowd": 0, "area": 26987.79956139042, "segmentation": [], "category_id": 3, "id": 85, "attributes": {"occluded": false}}, {"bbox": [363.7392578125, 23.7255859375, 76.74136352539062, 291.62725830078125], "image_id": 44, "iscrowd": 0, "area": 22379.873443173245, "segmentation": [], "category_id": 3, "id": 86, "attributes": {"occluded": false}}, {"bbox": [145.775390625, 23.7255859375, 92.38227081298828, 296.1681823730469], "image_id": 44, "iscrowd": 0, "area": 27360.68923017732, "segmentation": [], "category_id": 3, "id": 87, "attributes": {"occluded": false}}, {"bbox": [58.03515625, 51.98046875, 376.3908996582031, 239.65908813476562], "image_id": 45, "iscrowd": 0, "area": 90205.49979430903, "segmentation": [], "category_id": 4, "id": 88, "attributes": {"occluded": false}}, {"bbox": [248.7529296875, 117.06640625, 173.56362915039062, 78.70909118652344], "image_id": 46, "iscrowd": 0, "area": 13661.035513462033, "segmentation": [], "category_id": 4, "id": 89, "attributes": {"occluded": false}}, {"bbox": [111.970703125, 57.0263671875, 82.79590606689453, 219.9818115234375], "image_id": 46, "iscrowd": 0, "area": 18213.59340331983, "segmentation": [], "category_id": 2, "id": 90, "attributes": {"occluded": false}}, {"bbox": [104.2041015625, 175.568359375, 90.96591186523438, 178.97727966308594], "image_id": 47, "iscrowd": 0, "area": 16280.83144771168, "segmentation": [], "category_id": 4, "id": 91, "attributes": {"occluded": false}}, {"bbox": [20.7275390625, 282.068359375, 272.0454406738281, 86.59091186523438], "image_id": 48, "iscrowd": 0, "area": 23556.662776726298, "segmentation": [], "category_id": 4, "id": 92, "attributes": {"occluded": false}}, {"bbox": [7.7724609375, 213.88671875, 141.13636779785156, 111.81818389892578], "image_id": 48, "iscrowd": 0, "area": 15781.612329246593, "segmentation": [], "category_id": 4, "id": 93, "attributes": {"occluded": false}}, {"bbox": [118.2275390625, 92.5224609375, 128.86363220214844, 266.5909118652344], "image_id": 48, "iscrowd": 0, "area": 34353.87321503693, "segmentation": [], "category_id": 2, "id": 94, "attributes": {"occluded": false}}, {"bbox": [274.36328125, 220.7041015625, 199.09091186523438, 77.7272720336914], "image_id": 48, "iscrowd": 0, "area": 15474.793465984752, "segmentation": [], "category_id": 4, "id": 95, "attributes": {"occluded": false}}, {"bbox": [56.25, 240.0, 330.06817626953125, 130.22727966308594], "image_id": 49, "iscrowd": 0, "area": 42983.88069893699, "segmentation": [], "category_id": 4, "id": 96, "attributes": {"occluded": false}}, {"bbox": [23.5791015625, 176.7041015625, 31.81818199157715, 72.15908813476562], "image_id": 50, "iscrowd": 0, "area": 2295.970998618228, "segmentation": [], "category_id": 2, "id": 97, "attributes": {"occluded": false}}, {"bbox": [57.1025390625, 192.61328125, 95.45454406738281, 61.931819915771484], "image_id": 50, "iscrowd": 0, "area": 5911.673633323226, "segmentation": [], "category_id": 4, "id": 98, "attributes": {"occluded": false}}, {"bbox": [67.8974609375, 182.9541015625, 23.863636016845703, 33.522727966308594], "image_id": 50, "iscrowd": 0, "area": 799.9741784797225, "segmentation": [], "category_id": 2, "id": 99, "attributes": {"occluded": false}}, {"bbox": [296.9609375, 170.482421875, 132.19393920898438, 94.92121124267578], "image_id": 51, "iscrowd": 0, "area": 12548.008828657446, "segmentation": [], "category_id": 4, "id": 100, "attributes": {"occluded": false}}, {"bbox": [332.24609375, 80.4814453125, 56.654544830322266, 167.03150939941406], "image_id": 51, "iscrowd": 0, "area": 9463.094137345499, "segmentation": [], "category_id": 2, "id": 101, "attributes": {"occluded": false}}, {"bbox": [82.767578125, 78.4931640625, 53.672725677490234, 95.46788024902344], "image_id": 51, "iscrowd": 0, "area": 5124.021347617323, "segmentation": [], "category_id": 2, "id": 102, "attributes": {"occluded": false}}, {"bbox": [83.7607421875, 113.828125, 114.30303192138672, 98.89697265625], "image_id": 51, "iscrowd": 0, "area": 11304.223822455853, "segmentation": [], "category_id": 4, "id": 103, "attributes": {"occluded": false}}, {"bbox": [174.7158203125, 147.7275390625, 128.40908813476562, 98.86363983154297], "image_id": 52, "iscrowd": 0, "area": 12694.989840452326, "segmentation": [], "category_id": 4, "id": 104, "attributes": {"occluded": false}}, {"bbox": [37.36328125, 22.63671875, 459.81817626953125, 345.2727355957031], "image_id": 53, "iscrowd": 0, "area": 158762.67959720828, "segmentation": [], "category_id": 4, "id": 105, "attributes": {"occluded": false}}, {"bbox": [0.8525390625, 33.5224609375, 45.45454406738281, 55.681819915771484], "image_id": 54, "iscrowd": 0, "area": 2530.991737113509, "segmentation": [], "category_id": 2, "id": 106, "attributes": {"occluded": false}}, {"bbox": [250.2275390625, 62.5, 88.125, 184.09091186523438], "image_id": 54, "iscrowd": 0, "area": 16223.01160812378, "segmentation": [], "category_id": 2, "id": 107, "attributes": {"occluded": false}}, {"bbox": [4.26171875, 82.9541015625, 61.931819915771484, 44.318180084228516], "image_id": 54, "iscrowd": 0, "area": 2744.7055479711707, "segmentation": [], "category_id": 4, "id": 108, "attributes": {"occluded": false}}, {"bbox": [241.76171875, 168.75, 93.18181610107422, 153.97727966308594], "image_id": 54, "iscrowd": 0, "area": 14347.882557309349, "segmentation": [], "category_id": 4, "id": 109, "attributes": {"occluded": false}}, {"bbox": [50.7578125, 3.7880859375, 204.5454559326172, 90.90908813476562], "image_id": 55, "iscrowd": 0, "area": 18595.040880944114, "segmentation": [], "category_id": 4, "id": 110, "attributes": {"occluded": false}}, {"bbox": [5.302734375, 76.515625, 56.06060791015625, 268.18182373046875], "image_id": 55, "iscrowd": 0, "area": 15034.436068784446, "segmentation": [], "category_id": 4, "id": 111, "attributes": {"occluded": false}}, {"bbox": [86.36328125, 131.099609375, 203.03671875000146, 316.62753906249964], "image_id": 55, "iscrowd": 0, "area": 64287.01659713784, "segmentation": [], "category_id": 4, "id": 112, "attributes": {"occluded": false}}, {"bbox": [303.7880859375, 109.7724609375, 71.2119140625, 312.9545593261719], "image_id": 55, "iscrowd": 0, "area": 22286.09318420291, "segmentation": [], "category_id": 2, "id": 113, "attributes": {"occluded": false}}, {"bbox": [430.3408203125, 22.7275390625, 65.96591186523438, 165.90908813476562], "image_id": 56, "iscrowd": 0, "area": 10944.344285539351, "segmentation": [], "category_id": 2, "id": 114, "attributes": {"occluded": false}}, {"bbox": [82.1025390625, 68.181640625, 340.3409118652344, 288.06817626953125], "image_id": 56, "iscrowd": 0, "area": 98041.38579092734, "segmentation": [], "category_id": 4, "id": 115, "attributes": {"occluded": false}}, {"bbox": [11.515625, 69.697265625, 304.6212158203125, 383.3333435058594], "image_id": 57, "iscrowd": 0, "area": 116771.46916322038, "segmentation": [], "category_id": 4, "id": 116, "attributes": {"occluded": false}}, {"bbox": [119.8486328125, 40.9091796875, 119.7727279663086, 288.6363525390625], "image_id": 58, "iscrowd": 0, "area": 34570.76333384868, "segmentation": [], "category_id": 2, "id": 117, "attributes": {"occluded": false}}, {"bbox": [87.3486328125, 164.3935546875, 152.27272033691406, 234.84848022460938], "image_id": 58, "iscrowd": 0, "area": 35761.016950791236, "segmentation": [], "category_id": 4, "id": 118, "attributes": {"occluded": false}}, {"bbox": [20.9658203125, 5.58203125, 469.1687927246094, 312.7454528808594], "image_id": 59, "iscrowd": 0, "area": 146730.406558224, "segmentation": [], "category_id": 4, "id": 119, "attributes": {"occluded": false}}, {"bbox": [35.51171875, 54.5458984375, 434.0909118652344, 264.7541015625011], "image_id": 60, "iscrowd": 0, "area": 114927.34936732697, "segmentation": [], "category_id": 4, "id": 120, "attributes": {"occluded": false}}, {"bbox": [6.181640625, 271.181640625, 357.2727355957031, 220.90908813476562], "image_id": 61, "iscrowd": 0, "area": 78924.79423586, "segmentation": [], "category_id": 4, "id": 121, "attributes": {"occluded": false}}, {"bbox": [24.1474609375, 23.2958984375, 462.5, 311.93182373046875], "image_id": 62, "iscrowd": 0, "area": 144268.4684753418, "segmentation": [], "category_id": 4, "id": 122, "attributes": {"occluded": false}}, {"bbox": [52.7470703125, 132.31640625, 373.4604187011719, 152.49267578125], "image_id": 63, "iscrowd": 0, "area": 56949.97854612768, "segmentation": [], "category_id": 3, "id": 123, "attributes": {"occluded": false}}, {"bbox": [215.552734375, 56.0703125, 121.21212005615234, 178.88563537597656], "image_id": 63, "iscrowd": 0, "area": 21683.107111513964, "segmentation": [], "category_id": 2, "id": 124, "attributes": {"occluded": false}}, {"bbox": [57.0458984375, 166.6669921875, 176.51515197753906, 304.5454406738281], "image_id": 64, "iscrowd": 0, "area": 53756.88474460738, "segmentation": [], "category_id": 3, "id": 125, "attributes": {"occluded": false}}, {"bbox": [103.20000000000073, 43.181640625, 153.08736877441333, 316.6183593750011], "image_id": 64, "iscrowd": 0, "area": 48470.271542390525, "segmentation": [], "category_id": 2, "id": 126, "attributes": {"occluded": false}}, {"bbox": [50.984375, 25.0, 221.21212768554688, 436.3636474609375], "image_id": 65, "iscrowd": 0, "area": 96528.93089945987, "segmentation": [], "category_id": 3, "id": 127, "attributes": {"occluded": false}}, {"bbox": [201.98828125, 201.13671875, 56.25, 41.477272033691406], "image_id": 66, "iscrowd": 0, "area": 2333.0965518951416, "segmentation": [], "category_id": 1, "id": 128, "attributes": {"occluded": false}}, {"bbox": [249.0908203125, 199.431640625, 16.534090042114258, 28.977272033691406], "image_id": 66, "iscrowd": 0, "area": 479.11282497989305, "segmentation": [], "category_id": 1, "id": 129, "attributes": {"occluded": false}}, {"bbox": [317.2724609375, 136.36328125, 38.125, 25.56818199157715], "image_id": 67, "iscrowd": 0, "area": 974.7869384288788, "segmentation": [], "category_id": 1, "id": 130, "attributes": {"occluded": false}}, {"bbox": [169.5458984375, 163.068359375, 122.21591186523438, 88.63636016845703], "image_id": 67, "iscrowd": 0, "area": 10832.773582403315, "segmentation": [], "category_id": 1, "id": 131, "attributes": {"occluded": false}}, {"bbox": [369.6025390625, 152.2724609375, 81.25, 67.04545593261719], "image_id": 67, "iscrowd": 0, "area": 5447.4432945251465, "segmentation": [], "category_id": 1, "id": 132, "attributes": {"occluded": false}}, {"bbox": [341.76171875, 100.568359375, 154.5454559326172, 84.65908813476562], "image_id": 68, "iscrowd": 0, "area": 13083.677374626976, "segmentation": [], "category_id": 1, "id": 133, "attributes": {"occluded": false}}, {"bbox": [3.068359375, 92.0458984375, 410.2840881347656, 226.13636779785156], "image_id": 68, "iscrowd": 0, "area": 92780.1534560495, "segmentation": [], "category_id": 1, "id": 134, "attributes": {"occluded": false}}, {"bbox": [16.5908203125, 279.5458984375, 269.01513671875, 171.21212768554688], "image_id": 69, "iscrowd": 0, "area": 46058.653937235475, "segmentation": [], "category_id": 1, "id": 135, "attributes": {"occluded": false}}, {"bbox": [15.625, 32.38671875, 470.4545593261719, 242.0454559326172], "image_id": 70, "iscrowd": 0, "area": 113871.38830768177, "segmentation": [], "category_id": 1, "id": 136, "attributes": {"occluded": false}}, {"bbox": [78.7001953125, 85.994140625, 403.9333190917969, 158.4545440673828], "image_id": 71, "iscrowd": 0, "area": 64005.06991031533, "segmentation": [], "category_id": 1, "id": 137, "attributes": {"occluded": false}}, {"bbox": [14.431640625, 90.9091796875, 433.5795593261719, 208.52272033691406], "image_id": 72, "iscrowd": 0, "area": 90411.18919317378, "segmentation": [], "category_id": 1, "id": 138, "attributes": {"occluded": false}}, {"bbox": [166.76171875, 44.318359375, 35.79545593261719, 46.022727966308594], "image_id": 72, "iscrowd": 0, "area": 1647.404530816828, "segmentation": [], "category_id": 2, "id": 139, "attributes": {"occluded": false}}, {"bbox": [117.2724609375, 50.0, 14.261363983154297, 20.454545974731445], "image_id": 72, "iscrowd": 0, "area": 291.70972525580873, "segmentation": [], "category_id": 2, "id": 140, "attributes": {"occluded": false}}, {"bbox": [194.0341796875, 44.88671875, 36.3636360168457, 40.90909194946289], "image_id": 72, "iscrowd": 0, "area": 1487.6033294299414, "segmentation": [], "category_id": 2, "id": 141, "attributes": {"occluded": false}}, {"bbox": [280.3974609375, 69.318359375, 156.25, 69.88636016845703], "image_id": 72, "iscrowd": 0, "area": 10919.743776321411, "segmentation": [], "category_id": 1, "id": 142, "attributes": {"occluded": false}}, {"bbox": [152.5, 43.75, 26.19318199157715, 35.227272033691406], "image_id": 72, "iscrowd": 0, "area": 922.714347445275, "segmentation": [], "category_id": 2, "id": 143, "attributes": {"occluded": false}}, {"bbox": [433.23828125, 47.1591796875, 38.068180084228516, 90.90908813476562], "image_id": 72, "iscrowd": 0, "area": 3460.7435384072596, "segmentation": [], "category_id": 2, "id": 144, "attributes": {"occluded": false}}, {"bbox": [375.2841796875, 48.2958984375, 22.159090042114258, 50.568180084228516], "image_id": 72, "iscrowd": 0, "area": 1120.5448557522686, "segmentation": [], "category_id": 2, "id": 145, "attributes": {"occluded": false}}, {"bbox": [9.0439453125, 156.92578125, 470.28680419921875, 126.64090728759766], "image_id": 73, "iscrowd": 0, "area": 59557.547569173854, "segmentation": [], "category_id": 1, "id": 146, "attributes": {"occluded": false}}, {"bbox": [15.6533203125, 6.06640625, 464.6863708496094, 287.5909118652344], "image_id": 74, "iscrowd": 0, "area": 133639.57712398563, "segmentation": [], "category_id": 3, "id": 147, "attributes": {"occluded": false}}, {"bbox": [45.73828125, 102.2724609375, 395.4545593261719, 161.36363220214844], "image_id": 75, "iscrowd": 0, "area": 63811.98406377109, "segmentation": [], "category_id": 1, "id": 148, "attributes": {"occluded": false}}, {"bbox": [7.6708984375, 109.0908203125, 355.68182373046875, 186.36363220214844], "image_id": 76, "iscrowd": 0, "area": 66286.15657869447, "segmentation": [], "category_id": 1, "id": 149, "attributes": {"occluded": false}}, {"bbox": [9.375, 4.5458984375, 73.86363983154297, 365.3409118652344], "image_id": 77, "iscrowd": 0, "area": 26985.409529741155, "segmentation": [], "category_id": 2, "id": 150, "attributes": {"occluded": false}}, {"bbox": [91.76171875, 34.6591796875, 358.5227355957031, 322.7272644042969], "image_id": 77, "iscrowd": 0, "area": 115705.0616855463, "segmentation": [], "category_id": 1, "id": 151, "attributes": {"occluded": false}}, {"bbox": [30.2275390625, 379.5458984375, 22.045454025268555, 57.57575607299805], "image_id": 78, "iscrowd": 0, "area": 1269.2836834773552, "segmentation": [], "category_id": 2, "id": 152, "attributes": {"occluded": false}}, {"bbox": [75.0, 381.060546875, 37.121212005615234, 114.39393615722656], "image_id": 78, "iscrowd": 0, "area": 4246.441556249221, "segmentation": [], "category_id": 2, "id": 153, "attributes": {"occluded": false}}, {"bbox": [0.0, 371.2119140625, 23.484848022460938, 95.45454406738281], "image_id": 78, "iscrowd": 0, "area": 2241.7354604757857, "segmentation": [], "category_id": 2, "id": 154, "attributes": {"occluded": false}}, {"bbox": [33.537109375, 96.42578125, 419.257568359375, 176.63636779785156], "image_id": 79, "iscrowd": 0, "area": 74056.13404675946, "segmentation": [], "category_id": 1, "id": 155, "attributes": {"occluded": false}}, {"bbox": [23.181640625, 224.2421875, 254.5454559326172, 265.1515197753906], "image_id": 80, "iscrowd": 0, "area": 67493.11449245317, "segmentation": [], "category_id": 1, "id": 156, "attributes": {"occluded": false}}, {"bbox": [131.515625, 3.7880859375, 96.21212005615234, 43.181819915771484], "image_id": 80, "iscrowd": 0, "area": 4154.614441979356, "segmentation": [], "category_id": 1, "id": 157, "attributes": {"occluded": false}}, {"bbox": [27.7275390625, 34.0908203125, 216.6666717529297, 153.03030395507812], "image_id": 80, "iscrowd": 0, "area": 33156.56663528597, "segmentation": [], "category_id": 1, "id": 158, "attributes": {"occluded": false}}, {"bbox": [190.625, 105.11328125, 277.2727355957031, 185.7954559326172], "image_id": 81, "iscrowd": 0, "area": 51516.01432768768, "segmentation": [], "category_id": 1, "id": 159, "attributes": {"occluded": false}}, {"bbox": [137.7841796875, 82.9541015625, 75.56818389892578, 61.3636360168457], "image_id": 81, "iscrowd": 0, "area": 4637.138531227742, "segmentation": [], "category_id": 1, "id": 160, "attributes": {"occluded": false}}, {"bbox": [127.556640625, 152.2724609375, 277.2727355957031, 168.75], "image_id": 82, "iscrowd": 0, "area": 46789.7741317749, "segmentation": [], "category_id": 1, "id": 161, "attributes": {"occluded": false}}, {"bbox": [124.0908203125, 90.3408203125, 64.82954406738281, 234.09091186523438], "image_id": 82, "iscrowd": 0, "area": 15176.007086541038, "segmentation": [], "category_id": 2, "id": 162, "attributes": {"occluded": false}}, {"bbox": [25.8525390625, 148.2958984375, 106.25, 93.75], "image_id": 82, "iscrowd": 0, "area": 9960.9375, "segmentation": [], "category_id": 1, "id": 163, "attributes": {"occluded": false}}, {"bbox": [3.63671875, 8.5224609375, 160.28408813476562, 126.13636016845703], "image_id": 83, "iscrowd": 0, "area": 20217.651470239507, "segmentation": [], "category_id": 1, "id": 164, "attributes": {"occluded": false}}, {"bbox": [128.693359375, 135.7958984375, 278.4090881347656, 163.06817626953125], "image_id": 84, "iscrowd": 0, "area": 45399.66225899942, "segmentation": [], "category_id": 1, "id": 165, "attributes": {"occluded": false}}, {"bbox": [290.056640625, 2.8408203125, 202.27272033691406, 148.86363220214844], "image_id": 85, "iscrowd": 0, "area": 30111.051844762405, "segmentation": [], "category_id": 1, "id": 166, "attributes": {"occluded": false}}, {"bbox": [41.76171875, 8.5224609375, 423.2954406738281, 303.9772644042969], "image_id": 85, "iscrowd": 0, "area": 128672.19009084161, "segmentation": [], "category_id": 1, "id": 167, "attributes": {"occluded": false}}, {"bbox": [90.830078125, 97.89453125, 14.631817817687988, 13.118182182312012], "image_id": 86, "iscrowd": 0, "area": 191.94285179083, "segmentation": [], "category_id": 1, "id": 168, "attributes": {"occluded": false}}, {"bbox": [273.4755859375, 210.408203125, 24.218181610107422, 25.227272033691406], "image_id": 86, "iscrowd": 0, "area": 610.9586556395225, "segmentation": [], "category_id": 1, "id": 169, "attributes": {"occluded": false}}, {"bbox": [237.1484375, 208.89453125, 24.722726821899414, 21.695453643798828], "image_id": 86, "iscrowd": 0, "area": 536.3707737128207, "segmentation": [], "category_id": 1, "id": 170, "attributes": {"occluded": false}}, {"bbox": [148.853515625, 143.302734375, 15.136363983154297, 13.622727394104004], "image_id": 86, "iscrowd": 0, "area": 206.19856028044524, "segmentation": [], "category_id": 1, "id": 171, "attributes": {"occluded": false}}, {"bbox": [355.2119140625, 225.0390625, 51.96818161010742, 50.95909118652344], "image_id": 86, "iscrowd": 0, "area": 2648.2513054672745, "segmentation": [], "category_id": 1, "id": 172, "attributes": {"occluded": false}}, {"bbox": [192.244140625, 219.994140625, 15.136363983154297, 16.14545440673828], "image_id": 86, "iscrowd": 0, "area": 244.38347457381315, "segmentation": [], "category_id": 1, "id": 173, "attributes": {"occluded": false}}, {"bbox": [120.5986328125, 74.6845703125, 10.090909004211426, 10.595454216003418], "image_id": 86, "iscrowd": 0, "area": 106.9177643519788, "segmentation": [], "category_id": 1, "id": 174, "attributes": {"occluded": false}}, {"bbox": [5.6064453125, 295.0, 246.21212768554688, 96.96969604492188], "image_id": 87, "iscrowd": 0, "area": 23875.115184240974, "segmentation": [], "category_id": 1, "id": 175, "attributes": {"occluded": false}}, {"bbox": [21.306640625, 0.568359375, 371.0227355957031, 129.5454559326172], "image_id": 88, "iscrowd": 0, "area": 48064.30944411224, "segmentation": [], "category_id": 1, "id": 176, "attributes": {"occluded": false}}, {"bbox": [44.6025390625, 29.5458984375, 400.0, 299.43182373046875], "image_id": 89, "iscrowd": 0, "area": 119772.7294921875, "segmentation": [], "category_id": 3, "id": 177, "attributes": {"occluded": false}}, {"bbox": [29.7529296875, 101.0458984375, 415.05908203125, 208.3954620361328], "image_id": 90, "iscrowd": 0, "area": 86496.4291721955, "segmentation": [], "category_id": 1, "id": 178, "attributes": {"occluded": false}}, {"bbox": [50.416015625, 136.744140625, 385.523193359375, 154.3909149169922], "image_id": 91, "iscrowd": 0, "area": 59521.27854447439, "segmentation": [], "category_id": 1, "id": 179, "attributes": {"occluded": false}}, {"bbox": [46.306640625, 105.11328125, 404.5454406738281, 217.0454559326172], "image_id": 92, "iscrowd": 0, "area": 87804.74961651256, "segmentation": [], "category_id": 1, "id": 180, "attributes": {"occluded": false}}, {"bbox": [188.0166015625, 35.9453125, 185.2181854248047, 250.5], "image_id": 93, "iscrowd": 0, "area": 46397.155448913574, "segmentation": [], "category_id": 2, "id": 181, "attributes": {"occluded": false}}, {"bbox": [62.513671875, 95.66015625, 401.8121337890625, 164.46969604492188], "image_id": 93, "iscrowd": 0, "area": 66085.91951144859, "segmentation": [], "category_id": 3, "id": 182, "attributes": {"occluded": false}}, {"bbox": [38.63671875, 164.3935546875, 52.272727966308594, 212.1212158203125], "image_id": 94, "iscrowd": 0, "area": 11088.15461045783, "segmentation": [], "category_id": 2, "id": 183, "attributes": {"occluded": false}}, {"bbox": [100.0, 89.3935546875, 161.36363220214844, 381.81817626953125], "image_id": 94, "iscrowd": 0, "area": 61611.56776365172, "segmentation": [], "category_id": 2, "id": 184, "attributes": {"occluded": false}}, {"bbox": [1.515625, 149.2421875, 54.54545593261719, 234.84848022460938], "image_id": 94, "iscrowd": 0, "area": 12809.91742893355, "segmentation": [], "category_id": 2, "id": 185, "attributes": {"occluded": false}}, {"bbox": [99.2421875, 156.818359375, 109.8484878540039, 314.3939514160156], "image_id": 95, "iscrowd": 0, "area": 34535.70015349449, "segmentation": [], "category_id": 2, "id": 186, "attributes": {"occluded": false}}, {"bbox": [266.193359375, 53.4091796875, 66.4772720336914, 230.11363220214844], "image_id": 96, "iscrowd": 0, "area": 15297.326526563033, "segmentation": [], "category_id": 2, "id": 187, "attributes": {"occluded": false}}, {"bbox": [386.6474609375, 43.75, 63.068180084228516, 245.4545440673828], "image_id": 96, "iscrowd": 0, "area": 15480.371387733903, "segmentation": [], "category_id": 2, "id": 188, "attributes": {"occluded": false}}, {"bbox": [149.1474609375, 63.068359375, 81.25, 227.84091186523438], "image_id": 96, "iscrowd": 0, "area": 18512.074089050293, "segmentation": [], "category_id": 2, "id": 189, "attributes": {"occluded": false}}, {"bbox": [191.193359375, 119.88671875, 60.79545593261719, 168.75], "image_id": 97, "iscrowd": 0, "area": 10259.23318862915, "segmentation": [], "category_id": 2, "id": 190, "attributes": {"occluded": false}}, {"bbox": [269.0341796875, 126.7041015625, 49.431819915771484, 165.90908813476562], "image_id": 97, "iscrowd": 0, "area": 8201.188167067594, "segmentation": [], "category_id": 2, "id": 191, "attributes": {"occluded": false}}, {"bbox": [140.625, 114.7724609375, 33.522727966308594, 102.84091186523438], "image_id": 98, "iscrowd": 0, "area": 3447.5079122653697, "segmentation": [], "category_id": 2, "id": 192, "attributes": {"occluded": false}}, {"bbox": [217.8974609375, 128.9775390625, 50.0, 160.7954559326172], "image_id": 98, "iscrowd": 0, "area": 8039.772796630859, "segmentation": [], "category_id": 2, "id": 193, "attributes": {"occluded": false}}, {"bbox": [180.3974609375, 125.0, 22.159090042114258, 89.20454406738281], "image_id": 98, "iscrowd": 0, "area": 1976.691524154885, "segmentation": [], "category_id": 2, "id": 194, "attributes": {"occluded": false}}, {"bbox": [168.4658203125, 119.318359375, 18.75, 85.79545593261719], "image_id": 98, "iscrowd": 0, "area": 1608.6647987365723, "segmentation": [], "category_id": 2, "id": 195, "attributes": {"occluded": false}}, {"bbox": [226.98828125, 97.1591796875, 62.5, 194.31817626953125], "image_id": 99, "iscrowd": 0, "area": 12144.886016845703, "segmentation": [], "category_id": 2, "id": 196, "attributes": {"occluded": false}}, {"bbox": [95.1708984375, 99.431640625, 23.863636016845703, 69.31818389892578], "image_id": 99, "iscrowd": 0, "area": 1654.1839099127392, "segmentation": [], "category_id": 2, "id": 197, "attributes": {"occluded": false}}, {"bbox": [41.193359375, 106.25, 15.340909004211426, 31.25], "image_id": 99, "iscrowd": 0, "area": 479.40340638160706, "segmentation": [], "category_id": 2, "id": 198, "attributes": {"occluded": false}}, {"bbox": [62.1591796875, 102.8408203125, 19.375, 63.068180084228516], "image_id": 99, "iscrowd": 0, "area": 1221.9459891319275, "segmentation": [], "category_id": 2, "id": 199, "attributes": {"occluded": false}}, {"bbox": [131.5341796875, 113.068359375, 17.613636016845703, 42.04545593261719], "image_id": 99, "iscrowd": 0, "area": 740.5733569594449, "segmentation": [], "category_id": 2, "id": 200, "attributes": {"occluded": false}}, {"bbox": [81.5341796875, 111.36328125, 11.931818008422852, 32.95454406738281], "image_id": 99, "iscrowd": 0, "area": 393.2076223625627, "segmentation": [], "category_id": 2, "id": 201, "attributes": {"occluded": false}}, {"bbox": [295.1708984375, 75.568359375, 59.65909194946289, 221.59091186523438], "image_id": 99, "iscrowd": 0, "area": 13219.912586133345, "segmentation": [], "category_id": 2, "id": 202, "attributes": {"occluded": false}}, {"bbox": [0.0, 180.681640625, 34.375179290771484, 192.0454559326172], "image_id": 100, "iscrowd": 0, "area": 6601.59697966167, "segmentation": [], "category_id": 2, "id": 203, "attributes": {"occluded": false}}, {"bbox": [219.0341796875, 125.0, 34.65909194946289, 150.0], "image_id": 100, "iscrowd": 0, "area": 5198.863792419434, "segmentation": [], "category_id": 2, "id": 204, "attributes": {"occluded": false}}, {"bbox": [250.2841796875, 119.318359375, 35.79545593261719, 79.54545593261719], "image_id": 100, "iscrowd": 0, "area": 2847.365862475941, "segmentation": [], "category_id": 2, "id": 205, "attributes": {"occluded": false}}, {"bbox": [155.9658203125, 114.7724609375, 39.772727966308594, 164.77272033691406], "image_id": 100, "iscrowd": 0, "area": 6553.460582228727, "segmentation": [], "category_id": 2, "id": 206, "attributes": {"occluded": false}}, {"bbox": [57.1025390625, 114.2041015625, 46.022727966308594, 138.63636779785156], "image_id": 100, "iscrowd": 0, "area": 6380.423841397627, "segmentation": [], "category_id": 2, "id": 207, "attributes": {"occluded": false}}, {"bbox": [250.7958984375, 143.75, 44.375, 169.31817626953125], "image_id": 100, "iscrowd": 0, "area": 7513.494071960449, "segmentation": [], "category_id": 2, "id": 208, "attributes": {"occluded": false}}, {"bbox": [117.8974609375, 135.7958984375, 25.56818199157715, 111.36363983154297], "image_id": 100, "iscrowd": 0, "area": 2847.3658104573406, "segmentation": [], "category_id": 2, "id": 209, "attributes": {"occluded": false}}, {"bbox": [206.5341796875, 80.681640625, 118.18181610107422, 289.7727355957031], "image_id": 101, "iscrowd": 0, "area": 34245.86814927659, "segmentation": [], "category_id": 2, "id": 210, "attributes": {"occluded": false}}, {"bbox": [125.2841796875, 100.568359375, 125.56818389892578, 267.0454406738281], "image_id": 101, "iscrowd": 0, "area": 33532.411003900925, "segmentation": [], "category_id": 2, "id": 211, "attributes": {"occluded": false}}, {"bbox": [138.3525390625, 121.5908203125, 48.29545593261719, 121.59091186523438], "image_id": 102, "iscrowd": 0, "area": 5872.288525794167, "segmentation": [], "category_id": 2, "id": 212, "attributes": {"occluded": false}}, {"bbox": [241.8408203125, 131.287109375, 10.655844688415527, 28.161874771118164], "image_id": 102, "iscrowd": 0, "area": 300.08856369564273, "segmentation": [], "category_id": 2, "id": 213, "attributes": {"occluded": false}}, {"bbox": [228.521484375, 129.3837890625, 15.98376750946045, 38.05658721923828], "image_id": 102, "iscrowd": 0, "area": 608.2876423158086, "segmentation": [], "category_id": 2, "id": 214, "attributes": {"occluded": false}}, {"bbox": [51.931640625, 123.86328125, 56.875, 207.9545440673828], "image_id": 102, "iscrowd": 0, "area": 11827.414693832397, "segmentation": [], "category_id": 2, "id": 215, "attributes": {"occluded": false}}, {"bbox": [95.1708984375, 115.9091796875, 59.09090805053711, 192.61363220214844], "image_id": 102, "iscrowd": 0, "area": 11381.714429737127, "segmentation": [], "category_id": 2, "id": 216, "attributes": {"occluded": false}}, {"bbox": [171.875, 112.5, 27.272727966308594, 118.18181610107422], "image_id": 102, "iscrowd": 0, "area": 3223.140521088906, "segmentation": [], "category_id": 2, "id": 217, "attributes": {"occluded": false}}, {"bbox": [215.056640625, 125.568359375, 23.863636016845703, 59.09090805053711], "image_id": 102, "iscrowd": 0, "area": 1410.123921622915, "segmentation": [], "category_id": 2, "id": 218, "attributes": {"occluded": false}}, {"bbox": [389.48828125, 51.13671875, 32.3863639831543, 72.15908813476562], "image_id": 103, "iscrowd": 0, "area": 2336.97049302503, "segmentation": [], "category_id": 2, "id": 219, "attributes": {"occluded": false}}, {"bbox": [389.48828125, 113.63671875, 23.295454025268555, 36.931819915771484], "image_id": 103, "iscrowd": 0, "area": 860.3435129173522, "segmentation": [], "category_id": 2, "id": 220, "attributes": {"occluded": false}}, {"bbox": [404.7724609375, 119.318359375, 35.28409194946289, 36.931819915771484], "image_id": 103, "iscrowd": 0, "area": 1303.1057297690859, "segmentation": [], "category_id": 2, "id": 221, "attributes": {"occluded": false}}, {"bbox": [136.6474609375, 92.61328125, 84.09091186523438, 239.77272033691406], "image_id": 103, "iscrowd": 0, "area": 20162.70669353893, "segmentation": [], "category_id": 2, "id": 222, "attributes": {"occluded": false}}, {"bbox": [233.181640625, 95.4541015625, 73.92045593261719, 228.40908813476562], "image_id": 103, "iscrowd": 0, "area": 16884.103934075218, "segmentation": [], "category_id": 2, "id": 223, "attributes": {"occluded": false}}, {"bbox": [438.9208984375, 2.2724609375, 27.840909957885742, 48.8636360168457], "image_id": 103, "iscrowd": 0, "area": 1360.408090559904, "segmentation": [], "category_id": 2, "id": 224, "attributes": {"occluded": false}}, {"bbox": [414.5, 52.8408203125, 31.806373596191406, 67.61363983154297], "image_id": 103, "iscrowd": 0, "area": 2150.544688680384, "segmentation": [], "category_id": 2, "id": 225, "attributes": {"occluded": false}}, {"bbox": [266.193359375, 116.4775390625, 84.09091186523438, 238.63636779785156], "image_id": 104, "iscrowd": 0, "area": 20067.14977232879, "segmentation": [], "category_id": 2, "id": 226, "attributes": {"occluded": false}}, {"bbox": [64.48828125, 66.4775390625, 56.25, 243.75], "image_id": 104, "iscrowd": 0, "area": 13710.9375, "segmentation": [], "category_id": 2, "id": 227, "attributes": {"occluded": false}}, {"bbox": [208.806640625, 47.1591796875, 62.5, 293.75], "image_id": 104, "iscrowd": 0, "area": 18359.375, "segmentation": [], "category_id": 2, "id": 228, "attributes": {"occluded": false}}, {"bbox": [133.181640625, 76.7041015625, 70.51136016845703, 209.09091186523438], "image_id": 104, "iscrowd": 0, "area": 14743.284594480647, "segmentation": [], "category_id": 2, "id": 229, "attributes": {"occluded": false}}, {"bbox": [10.51171875, 56.25, 74.43181610107422, 285.7954406738281], "image_id": 104, "iscrowd": 0, "area": 21272.273682759842, "segmentation": [], "category_id": 2, "id": 230, "attributes": {"occluded": false}}, {"bbox": [218.4658203125, 132.9541015625, 46.022727966308594, 179.5454559326172], "image_id": 105, "iscrowd": 0, "area": 8263.171675973688, "segmentation": [], "category_id": 2, "id": 231, "attributes": {"occluded": false}}, {"bbox": [176.4208984375, 152.8408203125, 51.1363639831543, 157.9545440673828], "image_id": 105, "iscrowd": 0, "area": 8077.221058222873, "segmentation": [], "category_id": 2, "id": 232, "attributes": {"occluded": false}}, {"bbox": [164.48828125, 147.7275390625, 59.65909194946289, 142.0454559326172], "image_id": 106, "iscrowd": 0, "area": 8474.302916487388, "segmentation": [], "category_id": 2, "id": 233, "attributes": {"occluded": false}}, {"bbox": [346.306640625, 90.9091796875, 74.43181610107422, 253.40908813476562], "image_id": 107, "iscrowd": 0, "area": 18861.698646387784, "segmentation": [], "category_id": 2, "id": 234, "attributes": {"occluded": false}}, {"bbox": [57.6708984375, 55.11328125, 66.4772720336914, 235.7954559326172], "image_id": 107, "iscrowd": 0, "area": 15675.038668340887, "segmentation": [], "category_id": 2, "id": 235, "attributes": {"occluded": false}}, {"bbox": [301.931640625, 153.9775390625, 82.44318389892578, 215.34091186523438], "image_id": 107, "iscrowd": 0, "area": 17753.390397867886, "segmentation": [], "category_id": 2, "id": 236, "attributes": {"occluded": false}}, {"bbox": [267.8974609375, 114.2041015625, 98.29545593261719, 256.25], "image_id": 108, "iscrowd": 0, "area": 25188.210582733154, "segmentation": [], "category_id": 2, "id": 237, "attributes": {"occluded": false}}, {"bbox": [63.3525390625, 92.0458984375, 198.2954559326172, 275.56817626953125], "image_id": 108, "iscrowd": 0, "area": 54643.91715388652, "segmentation": [], "category_id": 2, "id": 238, "attributes": {"occluded": false}}, {"bbox": [165.568359375, 130.681640625, 76.19318389892578, 194.88636779785156], "image_id": 109, "iscrowd": 0, "area": 14849.012861015392, "segmentation": [], "category_id": 2, "id": 239, "attributes": {"occluded": false}}, {"bbox": [252.556640625, 137.5, 47.727272033691406, 187.5], "image_id": 109, "iscrowd": 0, "area": 8948.863506317139, "segmentation": [], "category_id": 2, "id": 240, "attributes": {"occluded": false}}]}